sequence,source_combo,target_flag,k_used,k_obs,pvalue,probability,combo,pct_label
AAAKAALNAVLVGANA,hemotoxin,immunotoxin,35,34,0.00024950686346090947,0.9998757708688883,hemotoxin+immunotoxin,97%
AAIGSSKPK,hemotoxin,immunotoxin,35,34,0.00024950686346090947,0.9998757708688883,hemotoxin+immunotoxin,97%
ACGILHDNCVYVPAQNPCCRGLQCRYGKCLVQV,hemotoxin,neurotoxin,5,5,6.788797904470254e-07,0.9999848534196323,neurotoxin+hemotoxin,100%
ADVPGNYPLNSYGASYYCTI,neurotoxin,immunotoxin,35,35,1.8056450169027456e-05,0.999991058086087,neurotoxin+immunotoxin,100%
ADVRNPLEEFRETDYEVL,hemotoxin,immunotoxin,35,35,1.8056450169027456e-05,0.999991058086087,hemotoxin+immunotoxin,100%
AEDNQSAVTIHVLQGERKRASDNKSLG,hemotoxin,immunotoxin,35,35,1.8056450169027456e-05,0.999991058086087,hemotoxin+immunotoxin,100%
AELTSCFPVG,neurotoxin,immunotoxin,35,34,0.00024950686346090947,0.9998757708688883,neurotoxin+immunotoxin,97%
AKEKEVTFQ,neurotoxin,immunotoxin,35,34,0.00024950686346090947,0.9998757708688883,neurotoxin+immunotoxin,97%
AKGITVIGAR,hemotoxin,immunotoxin,35,34,0.00024950686346090947,0.9998757708688883,hemotoxin+immunotoxin,97%
AKTGILDSDGPTVAGNSLSGT,neurotoxin,immunotoxin,35,34,0.00024950686346090947,0.9998757708688883,neurotoxin+immunotoxin,97%
ALSVLSWIYRYLTGK,immunotoxin,hemotoxin,8,7,0.00010035166687293514,0.9995760950084466,hemotoxin+immunotoxin,88%
ALWDTLLKKVLKAAAKAALNAVLVGANA,hemotoxin,cytotoxin,3,2,0.0005220259532614032,0.9979168113299212,hemotoxin+cytotoxin,67%
ALWMTLLKKVLKAAAKAALDAVLVGANA,hemotoxin,cytotoxin,3,2,0.0005220259532614032,0.9979168113299212,hemotoxin+cytotoxin,67%
ALWMTLLKKVLKAAAKAALKAVLVGANA,hemotoxin,cytotoxin,3,3,2.326141756398917e-06,0.9999641104444617,hemotoxin+cytotoxin,100%
ASSFLTPRLSSLGKRSWAV,hemotoxin,immunotoxin,35,34,0.00024950686346090947,0.9998757708688883,hemotoxin+immunotoxin,97%
ASVTWLLYAM,hemotoxin,immunotoxin,35,35,1.8056450169027456e-05,0.999991058086087,hemotoxin+immunotoxin,100%
AVDRAV,hemotoxin,immunotoxin,35,35,1.8056450169027456e-05,0.999991058086087,hemotoxin+immunotoxin,100%
AVQLLEVNPEIAQNS,neurotoxin,immunotoxin,35,35,1.8056450169027456e-05,0.999991058086087,neurotoxin+immunotoxin,100%
AWASFFKKAAHVGKHVGKAALTHYL,hemotoxin,cytotoxin,3,2,0.0005220259532614032,0.9979168113299212,hemotoxin+cytotoxin,67%
AWNTYDYMKREHSLVKPYQG,hemotoxin,immunotoxin,35,35,1.8056450169027456e-05,0.999991058086087,hemotoxin+immunotoxin,100%
CGEKRGYCSSDPGRYC,immunotoxin,neurotoxin,5,4,5.5415014320104005e-05,0.9996546921727744,neurotoxin+immunotoxin,80%
CKASSCDTGHC,immunotoxin,neurotoxin,5,4,5.5415014320104005e-05,0.9996546921727744,neurotoxin+immunotoxin,80%
CKGQSCSSCSTKEFCLSKGSRLMYDCCTGSCCGVKTAGVT,neurotoxin,hemotoxin,8,8,3.136212259831751e-06,0.9999619869889683,neurotoxin+hemotoxin,100%
CKINKQC,hemotoxin,immunotoxin,35,34,0.00024950686346090947,0.9998757708688883,hemotoxin+immunotoxin,97%
CLRPSIISRA,hemotoxin,immunotoxin,35,34,0.00024950686346090947,0.9998757708688883,hemotoxin+immunotoxin,97%
DANVENGEDAEDLTDKFIGLMG,hemotoxin,immunotoxin,35,34,0.00024950686346090947,0.9998757708688883,hemotoxin+immunotoxin,97%
DASTKKLSECLRRIGDELDS,hemotoxin,immunotoxin,35,35,1.8056450169027456e-05,0.999991058086087,hemotoxin+immunotoxin,100%
DDDDEEEDDFVYFNFNKEKEE,hemotoxin,immunotoxin,35,35,1.8056450169027456e-05,0.999991058086087,hemotoxin+immunotoxin,100%
DDLHPFNENNMYYGCKGLSNSNKFED,neurotoxin,immunotoxin,35,35,1.8056450169027456e-05,0.999991058086087,neurotoxin+immunotoxin,100%
DHYICAKKGGTCNFSPCPLFNRIEGTCYSGKAKCCIR,hemotoxin,neurotoxin,5,4,5.5415014320104005e-05,0.9996546921727744,neurotoxin+hemotoxin,80%
DKARDVKDRAKDYAG,immunotoxin,hemotoxin,8,8,3.136212259831751e-06,0.9999619869889683,hemotoxin+immunotoxin,100%
DLRDSWKVIGSDKK,hemotoxin,immunotoxin,35,35,1.8056450169027456e-05,0.999991058086087,hemotoxin+immunotoxin,100%
DQSCPWCGFTCCLPNYCQGLTCTVI,neurotoxin,hemotoxin,8,8,3.136212259831751e-06,0.9999619869889683,neurotoxin+hemotoxin,100%
DRRPPPRRDVV,hemotoxin,immunotoxin,35,34,0.00024950686346090947,0.9998757708688883,hemotoxin+immunotoxin,97%
DYDWSLRGPPKCATYGQKCRTWSPPNCCWNLRCKAFRCRPR,hemotoxin,neurotoxin,5,5,6.788797904470254e-07,0.9999848534196323,neurotoxin+hemotoxin,100%
EDVDHVFLRF,neurotoxin,immunotoxin,35,35,1.8056450169027456e-05,0.999991058086087,neurotoxin+immunotoxin,100%
EITVEPVRHPKKDPSEAE,neurotoxin,immunotoxin,35,34,0.00024950686346090947,0.9998757708688883,neurotoxin+immunotoxin,97%
ELLKAVRLIK,hemotoxin,immunotoxin,35,34,0.00024950686346090947,0.9998757708688883,hemotoxin+immunotoxin,97%
ENAEEDIVLMENLFCSYIVGSADSFWT,hemotoxin,immunotoxin,35,35,1.8056450169027456e-05,0.999991058086087,hemotoxin+immunotoxin,100%
EQAGRQAGGKLCPNNLCCSQWGWCGSTDEYCSPDHNCQSNCKD,immunotoxin,neurotoxin,5,4,5.5415014320104005e-05,0.9996546921727744,neurotoxin+immunotoxin,80%
ESNFKIGMAIR,neurotoxin,immunotoxin,35,34,0.00024950686346090947,0.9998757708688883,neurotoxin+immunotoxin,97%
EWRPHGSIGGSGLRPGRPQTLPPQRPRRPDFNGPRHRF,hemotoxin,immunotoxin,35,34,0.00024950686346090947,0.9998757708688883,hemotoxin+immunotoxin,97%
FALFRGTRPPRRPKK,immunotoxin,hemotoxin,8,7,0.00010035166687293514,0.9995760950084466,hemotoxin+immunotoxin,88%
FDVMGIIKKIAGAL,cytotoxin,hemotoxin,8,8,3.136212259831751e-06,0.9999619869889683,hemotoxin+cytotoxin,100%
FDVMGIIKKIASAL,hemotoxin,cytotoxin,3,2,0.0005220259532614032,0.9979168113299212,hemotoxin+cytotoxin,67%
FFGTLFKLGSKLIPGVMKLFSKKKER,hemotoxin,cytotoxin,3,2,0.0005220259532614032,0.9979168113299212,hemotoxin+cytotoxin,67%
FFHHIFDPQIKSGLLVSMYD,hemotoxin,immunotoxin,35,35,1.8056450169027456e-05,0.999991058086087,hemotoxin+immunotoxin,100%
FIFHIIKGLFHAGKMIHGLVTRRRH,hemotoxin,cytotoxin,3,2,0.0005220259532614032,0.9979168113299212,hemotoxin+cytotoxin,67%
FIGTALGIASAIPAIVKLFK,cytotoxin,hemotoxin,8,8,3.136212259831751e-06,0.9999619869889683,hemotoxin+cytotoxin,100%
FKNQYGHVR,hemotoxin,immunotoxin,35,35,1.8056450169027456e-05,0.999991058086087,hemotoxin+immunotoxin,100%
FKSLTKYSPGRQN,neurotoxin,immunotoxin,35,34,0.00024950686346090947,0.9998757708688883,neurotoxin+immunotoxin,97%
FKVQNQHGQVVKIFHH,hemotoxin,immunotoxin,35,34,0.00024950686346090947,0.9998757708688883,hemotoxin+immunotoxin,97%
FLSLIPHAINAVSAIAKHF,cytotoxin,hemotoxin,8,8,3.136212259831751e-06,0.9999619869889683,hemotoxin+cytotoxin,100%
FNPCPYSDDTVKMIILTRENKKHDF,hemotoxin,immunotoxin,35,34,0.00024950686346090947,0.9998757708688883,hemotoxin+immunotoxin,97%
FRAPYIASLLR,hemotoxin,immunotoxin,35,35,1.8056450169027456e-05,0.999991058086087,hemotoxin+immunotoxin,100%
FRFGSFLKKVWKSKLAKKLRSKGKQLLKDYANKVLNGPEEEAAAPAE,hemotoxin,cytotoxin,3,2,0.0005220259532614032,0.9979168113299212,hemotoxin+cytotoxin,67%
FSPQMLQDIIEAATAIL,hemotoxin,immunotoxin,35,34,0.00024950686346090947,0.9998757708688883,hemotoxin+immunotoxin,97%
FSPQMLQDIIEKKTKIL,hemotoxin,immunotoxin,35,34,0.00024950686346090947,0.9998757708688883,hemotoxin+immunotoxin,97%
GANAAKKFATIAKKFINYLW,hemotoxin,cytotoxin,3,2,0.0005220259532614032,0.9979168113299212,hemotoxin+cytotoxin,67%
GCASRCKAKCAGRRCKGWASASFRGRCYCKCFRC,hemotoxin,neurotoxin,5,5,6.788797904470254e-07,0.9999848534196323,neurotoxin+hemotoxin,100%
GCGGVCAYGESCPSSCNTCYSAQCTAQ,neurotoxin,hemotoxin,8,8,3.136212259831751e-06,0.9999619869889683,neurotoxin+hemotoxin,100%
GCIGRNESQKKDNVYKFKE,neurotoxin,immunotoxin,35,34,0.00024950686346090947,0.9998757708688883,neurotoxin+immunotoxin,97%
GCKGFLVKCDSNSECCKTAIVKGKKKQLSCLCGAWGAGCSCSFRCGNRC,neurotoxin,hemotoxin,8,7,0.00010035166687293514,0.9995760950084466,neurotoxin+hemotoxin,88%
GCRFCCNCCPNMSGCGVCCRF,hemotoxin,neurotoxin,5,5,6.788797904470254e-07,0.9999848534196323,neurotoxin+hemotoxin,100%
GEDEYAEGIREYQLIHGKI,neurotoxin,immunotoxin,35,34,0.00024950686346090947,0.9998757708688883,neurotoxin+immunotoxin,97%
GEEERKAMAELEAKKAQEALKA,neurotoxin,immunotoxin,35,35,1.8056450169027456e-05,0.999991058086087,neurotoxin+immunotoxin,100%
GEEEYQKMLENLREAEVKKNA,neurotoxin,immunotoxin,35,34,0.00024950686346090947,0.9998757708688883,neurotoxin+immunotoxin,97%
GEPEVAKWAEGLREKAASN,neurotoxin,immunotoxin,35,34,0.00024950686346090947,0.9998757708688883,neurotoxin+immunotoxin,97%
GEYCGESCYLIPCFTPGCYCVSRQCVNKN,hemotoxin,neurotoxin,5,4,5.5415014320104005e-05,0.9996546921727744,neurotoxin+hemotoxin,80%
GFCRCLCRRGVCRCLCTK,hemotoxin,cytotoxin,3,2,0.0005220259532614032,0.9979168113299212,hemotoxin+cytotoxin,67%
GFGKAFHSVSNFAKKHKTA,cytotoxin,hemotoxin,8,8,3.136212259831751e-06,0.9999619869889683,hemotoxin+cytotoxin,100%
GFIFHIIKGLFHAGKMIHGLV,cytotoxin,hemotoxin,8,8,3.136212259831751e-06,0.9999619869889683,hemotoxin+cytotoxin,100%
GFKLKGKAKISCLPNGQWSNFPPKCIRECAMVSS,hemotoxin,neurotoxin,5,4,5.5415014320104005e-05,0.9996546921727744,neurotoxin+hemotoxin,80%
GFKLKGMARISCLPNGQWSNFPPKCIRECAMVSS,hemotoxin,neurotoxin,5,4,5.5415014320104005e-05,0.9996546921727744,neurotoxin+hemotoxin,80%
GFMKYIGPLIPHAVKAIKKLI,hemotoxin,cytotoxin,3,2,0.0005220259532614032,0.9979168113299212,hemotoxin+cytotoxin,67%
GFMKYIGPLIPHAVKAISKLI,hemotoxin,cytotoxin,3,2,0.0005220259532614032,0.9979168113299212,hemotoxin+cytotoxin,67%
GHHNGR,hemotoxin,immunotoxin,35,34,0.00024950686346090947,0.9998757708688883,hemotoxin+immunotoxin,97%
GIGAILKVLSTGLPALISWIKRKRQE,cytotoxin,hemotoxin,8,8,3.136212259831751e-06,0.9999619869889683,hemotoxin+cytotoxin,100%
GKFSVFSKILRSIAKVFKGVGKVRKQFKTASDLDKNQ,cytotoxin,hemotoxin,8,7,0.00010035166687293514,0.9995760950084466,hemotoxin+cytotoxin,88%
GKLIKKFGRKAISYAVKKARGKH,hemotoxin,cytotoxin,3,3,2.326141756398917e-06,0.9999641104444617,hemotoxin+cytotoxin,100%
GKLSGISKVLRAIAKFFKGVGKARKQFKEASDLDKNQ,cytotoxin,hemotoxin,8,7,0.00010035166687293514,0.9995760950084466,hemotoxin+cytotoxin,88%
GLADFLNKAVGKVVDFVKS,cytotoxin,hemotoxin,8,8,3.136212259831751e-06,0.9999619869889683,hemotoxin+cytotoxin,100%
GLFDIIKKIAESF,hemotoxin,cytotoxin,3,2,0.0005220259532614032,0.9979168113299212,hemotoxin+cytotoxin,67%
GLFDVIKKVASVIGGL,hemotoxin,cytotoxin,3,2,0.0005220259532614032,0.9979168113299212,hemotoxin+cytotoxin,67%
GLFKKLRRKIKKGFKKIFKRL,hemotoxin,cytotoxin,3,2,0.0005220259532614032,0.9979168113299212,hemotoxin+cytotoxin,67%
GLIDVRCYDSSQCE,neurotoxin,immunotoxin,35,34,0.00024950686346090947,0.9998757708688883,neurotoxin+immunotoxin,97%
GLLPKVKLVPEQISFILSTRENR,hemotoxin,immunotoxin,35,34,0.00024950686346090947,0.9998757708688883,hemotoxin+immunotoxin,97%
GLLSGTSVRGSI,hemotoxin,immunotoxin,35,34,0.00024950686346090947,0.9998757708688883,hemotoxin+immunotoxin,97%
GLNTLKKVFQGLHEAIKLINNHVQ,cytotoxin,hemotoxin,8,7,0.00010035166687293514,0.9995760950084466,hemotoxin+cytotoxin,88%
GLPVCGDTCVGGTCNTPGCTCSWPVCTRN,hemotoxin,cytotoxin,3,2,0.0005220259532614032,0.9979168113299212,hemotoxin+cytotoxin,67%
GLPVCGETCVGGTCPGACTCSWPVCTRN,hemotoxin,cytotoxin,3,2,0.0005220259532614032,0.9979168113299212,hemotoxin+cytotoxin,67%
GLWSTIKNVGKEAAIAAGKAALGAL,cytotoxin,hemotoxin,8,8,3.136212259831751e-06,0.9999619869889683,hemotoxin+cytotoxin,100%
GPKTKAACKMACKLATCGKKPGGWKCKLCELGCDAV,hemotoxin,neurotoxin,5,4,5.5415014320104005e-05,0.9996546921727744,neurotoxin+hemotoxin,80%
GPLTILHINDVHAAFEQFNT,neurotoxin,immunotoxin,35,35,1.8056450169027456e-05,0.999991058086087,neurotoxin+immunotoxin,100%
GPMEDPLEIIRI,neurotoxin,immunotoxin,35,35,1.8056450169027456e-05,0.999991058086087,neurotoxin+immunotoxin,100%
GPMGWVPVFYRF,neurotoxin,immunotoxin,35,34,0.00024950686346090947,0.9998757708688883,neurotoxin+immunotoxin,97%
GQSSRPQDRHQK,hemotoxin,immunotoxin,35,35,1.8056450169027456e-05,0.999991058086087,hemotoxin+immunotoxin,100%
GRDAYIADSENCTYT,neurotoxin,immunotoxin,35,35,1.8056450169027456e-05,0.999991058086087,neurotoxin+immunotoxin,100%
GRFKRFRKKFKKLFKKLS,hemotoxin,cytotoxin,3,2,0.0005220259532614032,0.9979168113299212,hemotoxin+cytotoxin,67%
GRVPDNPKAPP,hemotoxin,immunotoxin,35,34,0.00024950686346090947,0.9998757708688883,hemotoxin+immunotoxin,97%
GVIPDDFRIR,hemotoxin,immunotoxin,35,35,1.8056450169027456e-05,0.999991058086087,hemotoxin+immunotoxin,100%
GWFDIIKKIASEL,cytotoxin,hemotoxin,8,8,3.136212259831751e-06,0.9999619869889683,hemotoxin+cytotoxin,100%
GWFDVVKHIAKRF,cytotoxin,hemotoxin,8,7,0.00010035166687293514,0.9995760950084466,hemotoxin+cytotoxin,88%
GWFKTYKDWPVIISNVPGVI,hemotoxin,immunotoxin,35,34,0.00024950686346090947,0.9998757708688883,hemotoxin+immunotoxin,97%
GWKKWLRKGAKHLGQAAIK,hemotoxin,cytotoxin,3,3,2.326141756398917e-06,0.9999641104444617,hemotoxin+cytotoxin,100%
GWKSVFRKAKKVGKTVGGLALDHYL,hemotoxin,cytotoxin,3,2,0.0005220259532614032,0.9979168113299212,hemotoxin+cytotoxin,67%
GYKDVDKPPFSGMTGCGNTPIFKSGRGCGSCFEIKCTKPEACS,immunotoxin,neurotoxin,5,4,5.5415014320104005e-05,0.9996546921727744,neurotoxin+immunotoxin,80%
HAQQQAGSADASANNAKDDDVVDAEFEEVKDKK,hemotoxin,immunotoxin,35,34,0.00024950686346090947,0.9998757708688883,hemotoxin+immunotoxin,97%
HVLDTPLL,hemotoxin,immunotoxin,35,35,1.8056450169027456e-05,0.999991058086087,hemotoxin+immunotoxin,100%
HVSAKDKNSGKEQKITIK,hemotoxin,immunotoxin,35,34,0.00024950686346090947,0.9998757708688883,hemotoxin+immunotoxin,97%
IDWKKLLDAAKQIL,cytotoxin,hemotoxin,8,8,3.136212259831751e-06,0.9999619869889683,hemotoxin+cytotoxin,100%
IDWLKLGKMVMDVL,cytotoxin,hemotoxin,8,7,0.00010035166687293514,0.9995760950084466,hemotoxin+cytotoxin,88%
IIIQYEGHKH,hemotoxin,immunotoxin,35,34,0.00024950686346090947,0.9998757708688883,hemotoxin+immunotoxin,97%
IITHPNFNGNTLDNDIMLIK,hemotoxin,immunotoxin,35,35,1.8056450169027456e-05,0.999991058086087,hemotoxin+immunotoxin,100%
IKFEPPLPPKKAHKKFWEDDGIYYPPNHNFP,hemotoxin,immunotoxin,35,34,0.00024950686346090947,0.9998757708688883,hemotoxin+immunotoxin,97%
ILGLVISTIGNVLGGLLKNL,hemotoxin,cytotoxin,3,2,0.0005220259532614032,0.9979168113299212,hemotoxin+cytotoxin,67%
INLKAIAAMAKKLL,cytotoxin,hemotoxin,8,7,0.00010035166687293514,0.9995760950084466,hemotoxin+cytotoxin,88%
INLKAIATLAKKLL,hemotoxin,cytotoxin,3,2,0.0005220259532614032,0.9979168113299212,hemotoxin+cytotoxin,67%
INWKKLGKALNALL,neurotoxin,hemotoxin,8,8,3.136212259831751e-06,0.9999619869889683,neurotoxin+hemotoxin,100%
IPHVYNSPSPIKPNRL,hemotoxin,immunotoxin,35,34,0.00024950686346090947,0.9998757708688883,hemotoxin+immunotoxin,97%
IPPFIKKVLTTVF,hemotoxin,cytotoxin,3,2,0.0005220259532614032,0.9979168113299212,hemotoxin+cytotoxin,67%
ITRYLDKILRILRKYLKA,hemotoxin,cytotoxin,3,2,0.0005220259532614032,0.9979168113299212,hemotoxin+cytotoxin,67%
IVRRACCSDRRCRWRCG,neurotoxin,hemotoxin,8,7,0.00010035166687293514,0.9995760950084466,neurotoxin+hemotoxin,88%
IYFHLFRKINFNLRIYYFI,hemotoxin,immunotoxin,35,34,0.00024950686346090947,0.9998757708688883,hemotoxin+immunotoxin,97%
KALAALAKKIL,hemotoxin,cytotoxin,3,2,0.0005220259532614032,0.9979168113299212,hemotoxin+cytotoxin,67%
KCDNKKCDKKCI,immunotoxin,neurotoxin,5,5,6.788797904470254e-07,0.9999848534196323,neurotoxin+immunotoxin,100%
KDRPKKPGLCPPRPQKPCVKECKNDDSCPGQQKCCNYGCKDECRDPIFVG,hemotoxin,neurotoxin,5,4,5.5415014320104005e-05,0.9996546921727744,neurotoxin+hemotoxin,80%
KEFKRIVQRIKDFLRNLV,hemotoxin,cytotoxin,3,3,2.326141756398917e-06,0.9999641104444617,hemotoxin+cytotoxin,100%
KETTTIVR,hemotoxin,immunotoxin,35,35,1.8056450169027456e-05,0.999991058086087,hemotoxin+immunotoxin,100%
KFTIVFPHNQKGNWKNVPSNYHYCP,hemotoxin,immunotoxin,35,35,1.8056450169027456e-05,0.999991058086087,hemotoxin+immunotoxin,100%
KGGDLGLFEPTL,hemotoxin,immunotoxin,35,35,1.8056450169027456e-05,0.999991058086087,hemotoxin+immunotoxin,100%
KGIRGYKGGYCKGAFKQTCKCY,hemotoxin,neurotoxin,5,4,5.5415014320104005e-05,0.9996546921727744,neurotoxin+hemotoxin,80%
KIIIPPLFH,hemotoxin,immunotoxin,35,34,0.00024950686346090947,0.9998757708688883,hemotoxin+immunotoxin,97%
KILKVIRK,immunotoxin,hemotoxin,8,8,3.136212259831751e-06,0.9999619869889683,hemotoxin+immunotoxin,100%
KKKKVKLAVLKFYKV,immunotoxin,hemotoxin,8,7,0.00010035166687293514,0.9995760950084466,hemotoxin+immunotoxin,88%
KKNGYAVDSSGKVAE,neurotoxin,immunotoxin,35,35,1.8056450169027456e-05,0.999991058086087,neurotoxin+immunotoxin,100%
KNIGNSVSCLRNKGVCMPGKCAPKMKQIGTCGMPQVKCCKRK,hemotoxin,neurotoxin,5,5,6.788797904470254e-07,0.9999848534196323,neurotoxin+hemotoxin,100%
KRFWQLVPLAIKIYRAWKRR,hemotoxin,cytotoxin,3,2,0.0005220259532614032,0.9979168113299212,hemotoxin+cytotoxin,67%
KRIVQRIKDWLRKLCKKW,hemotoxin,cytotoxin,3,2,0.0005220259532614032,0.9979168113299212,hemotoxin+cytotoxin,67%
KVPVILAGCK,hemotoxin,immunotoxin,35,34,0.00024950686346090947,0.9998757708688883,hemotoxin+immunotoxin,97%
KWCFRVCRRGICYRRCR,hemotoxin,cytotoxin,3,2,0.0005220259532614032,0.9979168113299212,hemotoxin+cytotoxin,67%
KWCFRVCYRGICYRRC,hemotoxin,cytotoxin,3,2,0.0005220259532614032,0.9979168113299212,hemotoxin+cytotoxin,67%
KWCSRVCYRGICYRRCR,hemotoxin,cytotoxin,3,2,0.0005220259532614032,0.9979168113299212,hemotoxin+cytotoxin,67%
KWKFFKKIERVGQNIRDGIIKAGPAVQVVGQAATIYKGK,hemotoxin,cytotoxin,3,2,0.0005220259532614032,0.9979168113299212,hemotoxin+cytotoxin,67%
KWKLFKKIGAVLKVL,hemotoxin,cytotoxin,3,2,0.0005220259532614032,0.9979168113299212,hemotoxin+cytotoxin,67%
KWKSFAKTFKSAKKTVLHTALKAISS,cytotoxin,hemotoxin,8,7,0.00010035166687293514,0.9995760950084466,hemotoxin+cytotoxin,88%
KWKSFLKTFKSAVKTVLHTALKAISS,hemotoxin,cytotoxin,3,2,0.0005220259532614032,0.9979168113299212,hemotoxin+cytotoxin,67%
KWKSFLKTFKSLKKTVLHTLLKAISS,cytotoxin,hemotoxin,8,8,3.136212259831751e-06,0.9999619869889683,hemotoxin+cytotoxin,100%
LCLRNWDQGHRP,hemotoxin,immunotoxin,35,34,0.00024950686346090947,0.9998757708688883,hemotoxin+immunotoxin,97%
LFGFLIPLLPHLIGAIPQVIGAIR,cytotoxin,hemotoxin,8,8,3.136212259831751e-06,0.9999619869889683,hemotoxin+cytotoxin,100%
LFGLIPSLIGGLVSAFK,cytotoxin,hemotoxin,8,8,3.136212259831751e-06,0.9999619869889683,hemotoxin+cytotoxin,100%
LFRLIKSLIKRLVSAFK,cytotoxin,hemotoxin,8,8,3.136212259831751e-06,0.9999619869889683,hemotoxin+cytotoxin,100%
LGVPVSSTLRLNNTTMNPCLPS,hemotoxin,immunotoxin,35,35,1.8056450169027456e-05,0.999991058086087,hemotoxin+immunotoxin,100%
LIDGVRGVLNRLMKR,immunotoxin,hemotoxin,8,7,0.00010035166687293514,0.9995760950084466,hemotoxin+immunotoxin,88%
LIRALFGL,immunotoxin,hemotoxin,8,8,3.136212259831751e-06,0.9999619869889683,hemotoxin+immunotoxin,100%
LKVPDLPLPE,neurotoxin,immunotoxin,35,35,1.8056450169027456e-05,0.999991058086087,neurotoxin+immunotoxin,100%
LLGDLLRKSKEKIGKEFKRIVQRIKDFLRNLVPRTES,cytotoxin,hemotoxin,8,7,0.00010035166687293514,0.9995760950084466,hemotoxin+cytotoxin,88%
LLKELWTKIKGAGKAVLGKIKGLL,cytotoxin,hemotoxin,8,8,3.136212259831751e-06,0.9999619869889683,hemotoxin+cytotoxin,100%
LLPIVGNLLKSLL,cytotoxin,hemotoxin,8,8,3.136212259831751e-06,0.9999619869889683,hemotoxin+cytotoxin,100%
LMCTHPLDCSN,hemotoxin,immunotoxin,35,35,1.8056450169027456e-05,0.999991058086087,hemotoxin+immunotoxin,100%
LNFKALAALAKKIL,cytotoxin,hemotoxin,8,7,0.00010035166687293514,0.9995760950084466,hemotoxin+cytotoxin,88%
LPGGGT,hemotoxin,immunotoxin,35,34,0.00024950686346090947,0.9998757708688883,hemotoxin+immunotoxin,97%
LPYITADATGPKHMNIKVTRAKLESLVE,hemotoxin,immunotoxin,35,34,0.00024950686346090947,0.9998757708688883,hemotoxin+immunotoxin,97%
LPYPVNCKTECECVMCGLGIICKQCYYQQ,neurotoxin,hemotoxin,8,7,0.00010035166687293514,0.9995760950084466,neurotoxin+hemotoxin,88%
LRKSEEEVAARRARVVW,hemotoxin,immunotoxin,35,35,1.8056450169027456e-05,0.999991058086087,hemotoxin+immunotoxin,100%
LTCLTKMVECIQLPLDVEDSSDTLCC,neurotoxin,immunotoxin,35,34,0.00024950686346090947,0.9998757708688883,neurotoxin+immunotoxin,97%
MASKRDCNLMKACCAEQAVTYAIQSLLNRLGGDSSDPAGCNDIVRKYCK,hemotoxin,neurotoxin,5,4,5.5415014320104005e-05,0.9996546921727744,neurotoxin+hemotoxin,80%
MCNDCGA,hemotoxin,immunotoxin,35,34,0.00024950686346090947,0.9998757708688883,hemotoxin+immunotoxin,97%
MFMTYQPKKRQRKKEHGFRKRMKTSSGRNILRKRRQKGRKRLTA,neurotoxin,hemotoxin,8,8,3.136212259831751e-06,0.9999619869889683,neurotoxin+hemotoxin,100%
MGFGCPEDEYECHNHCKNSVGCRGGYCDAGTLRQRCTCYGCNQKGRSIQE,hemotoxin,neurotoxin,5,5,6.788797904470254e-07,0.9999848534196323,neurotoxin+hemotoxin,100%
MKCITLFLVLSMVVLMAEPGEAFFHHIFNGLVGVGKTIHRLI,hemotoxin,neurotoxin,5,5,6.788797904470254e-07,0.9999848534196323,neurotoxin+hemotoxin,100%
MQLESAITHTLFK,hemotoxin,immunotoxin,35,35,1.8056450169027456e-05,0.999991058086087,hemotoxin+immunotoxin,100%
NGVQPKY,hemotoxin,immunotoxin,35,34,0.00024950686346090947,0.9998757708688883,hemotoxin+immunotoxin,97%
NIVNVSLVK,hemotoxin,immunotoxin,35,35,1.8056450169027456e-05,0.999991058086087,hemotoxin+immunotoxin,100%
NLFQFARMINGKLGAFSV,hemotoxin,immunotoxin,35,35,1.8056450169027456e-05,0.999991058086087,hemotoxin+immunotoxin,100%
NLINFMEMIRYTIP,neurotoxin,immunotoxin,35,34,0.00024950686346090947,0.9998757708688883,neurotoxin+immunotoxin,97%
NLKAIAALAKKLL,hemotoxin,cytotoxin,3,2,0.0005220259532614032,0.9979168113299212,hemotoxin+cytotoxin,67%
NLLQFRKMIKKMTGKEVVWYAFYGCYCGGGGK,neurotoxin,hemotoxin,8,7,0.00010035166687293514,0.9995760950084466,neurotoxin+hemotoxin,88%
NLVQFGKMIE,neurotoxin,immunotoxin,35,34,0.00024950686346090947,0.9998757708688883,neurotoxin+immunotoxin,97%
NLVQFKTLIMKIAGRSVVYKYFYYGCYCGWGGIGQPRDATDRCCFVHD,hemotoxin,neurotoxin,5,5,6.788797904470254e-07,0.9999848534196323,neurotoxin+hemotoxin,100%
NLYQFKEMIRYTIP,neurotoxin,immunotoxin,35,34,0.00024950686346090947,0.9998757708688883,neurotoxin+immunotoxin,97%
NLYQFKNMVQCVGTQLCVAYVKYGCYCGPG,hemotoxin,neurotoxin,5,4,5.5415014320104005e-05,0.9996546921727744,neurotoxin+hemotoxin,80%
NPVLVKDATGSTQFGPVQALGAQYSMWKLK,hemotoxin,immunotoxin,35,34,0.00024950686346090947,0.9998757708688883,hemotoxin+immunotoxin,97%
NTVKETIKYLKSLFS,immunotoxin,hemotoxin,8,8,3.136212259831751e-06,0.9999619869889683,hemotoxin+immunotoxin,100%
NWRKILGQIASVGAGLLGSLLAGYE,cytotoxin,hemotoxin,8,7,0.00010035166687293514,0.9995760950084466,hemotoxin+cytotoxin,88%
PIFKIIIKKFLTTFR,immunotoxin,hemotoxin,8,7,0.00010035166687293514,0.9995760950084466,hemotoxin+immunotoxin,88%
PKDLKETLQEKKP,hemotoxin,immunotoxin,35,35,1.8056450169027456e-05,0.999991058086087,hemotoxin+immunotoxin,100%
PTTVHIIYRI,hemotoxin,immunotoxin,35,35,1.8056450169027456e-05,0.999991058086087,hemotoxin+immunotoxin,100%
PVVDTTGNNPLQQQEEYYV,hemotoxin,immunotoxin,35,35,1.8056450169027456e-05,0.999991058086087,hemotoxin+immunotoxin,100%
QADFQKVVAGVANALAHRYH,hemotoxin,immunotoxin,35,35,1.8056450169027456e-05,0.999991058086087,hemotoxin+immunotoxin,100%
QGIGVGDNDGKRGKR,hemotoxin,immunotoxin,35,34,0.00024950686346090947,0.9998757708688883,hemotoxin+immunotoxin,97%
QKCCSGGSCPLYFRDRLICPCC,neurotoxin,hemotoxin,8,8,3.136212259831751e-06,0.9999619869889683,neurotoxin+hemotoxin,100%
QRFDQRSPQ,hemotoxin,immunotoxin,35,34,0.00024950686346090947,0.9998757708688883,hemotoxin+immunotoxin,97%
QSHLSLCRWCCNCCHNKGCGFCCKF,hemotoxin,neurotoxin,5,4,5.5415014320104005e-05,0.9996546921727744,neurotoxin+hemotoxin,80%
QSRVIQGLVAGETAQQICED,hemotoxin,immunotoxin,35,34,0.00024950686346090947,0.9998757708688883,hemotoxin+immunotoxin,97%
RCGNQQFKVFVNGQ,hemotoxin,immunotoxin,35,35,1.8056450169027456e-05,0.999991058086087,hemotoxin+immunotoxin,100%
RGSALTHLP,hemotoxin,immunotoxin,35,35,1.8056450169027456e-05,0.999991058086087,hemotoxin+immunotoxin,100%
RIKIGLFDQLSRL,neurotoxin,immunotoxin,35,34,0.00024950686346090947,0.9998757708688883,neurotoxin+immunotoxin,97%
RIKRFWPVVIRTVVAGYNLYRAIKKK,hemotoxin,cytotoxin,3,2,0.0005220259532614032,0.9979168113299212,hemotoxin+cytotoxin,67%
RKSKEKIGKEFKRIVQRIKDFLRNLVPRTES,hemotoxin,cytotoxin,3,2,0.0005220259532614032,0.9979168113299212,hemotoxin+cytotoxin,67%
RLCTNCCAGRKGCNYYSADGTFICEGESDPNNPKA,hemotoxin,neurotoxin,5,5,6.788797904470254e-07,0.9999848534196323,neurotoxin+hemotoxin,100%
RPKHPIKHQGLPQEVLNENLLRF,cytotoxin,immunotoxin,35,34,0.00024950686346090947,0.9998757708688883,immunotoxin+cytotoxin,97%
RQCKAESNTFTGICIAKPPCRQACIREKFTDGHCSKVLRRCLCTKRC,hemotoxin,cytotoxin,3,2,0.0005220259532614032,0.9979168113299212,hemotoxin+cytotoxin,67%
RRWCFRVCYKGFCYRKCR,cytotoxin,hemotoxin,8,8,3.136212259831751e-06,0.9999619869889683,hemotoxin+cytotoxin,100%
RVRQNIDNPNRADTYNPRAG,hemotoxin,immunotoxin,35,35,1.8056450169027456e-05,0.999991058086087,hemotoxin+immunotoxin,100%
SADVAGAVIDGAGLG,hemotoxin,immunotoxin,35,35,1.8056450169027456e-05,0.999991058086087,hemotoxin+immunotoxin,100%
SAEVAGAIIDGASLTFDVLQ,hemotoxin,immunotoxin,35,34,0.00024950686346090947,0.9998757708688883,hemotoxin+immunotoxin,97%
SEIPQPSLDFEQFSNMIQCTIPPGEECLAY,neurotoxin,immunotoxin,35,35,1.8056450169027456e-05,0.999991058086087,neurotoxin+immunotoxin,100%
SIPLPSLNFEQFGNMIQCTI,neurotoxin,immunotoxin,35,35,1.8056450169027456e-05,0.999991058086087,neurotoxin+immunotoxin,100%
SISLL,hemotoxin,immunotoxin,35,35,1.8056450169027456e-05,0.999991058086087,hemotoxin+immunotoxin,100%
SLVCDLECSAEVTTCCETGTCHGITTYNCVGGTEPET,neurotoxin,hemotoxin,8,7,0.00010035166687293514,0.9995760950084466,neurotoxin+hemotoxin,88%
SPSEKAGLQPVGRIGIGRMLKK,hemotoxin,immunotoxin,35,34,0.00024950686346090947,0.9998757708688883,hemotoxin+immunotoxin,97%
SPVCTPSGQPCQPNTQPCCNNAEEEQTINCNGNTVYRCA,neurotoxin,hemotoxin,8,7,0.00010035166687293514,0.9995760950084466,neurotoxin+hemotoxin,88%
STVLTSKYR,hemotoxin,immunotoxin,35,35,1.8056450169027456e-05,0.999991058086087,hemotoxin+immunotoxin,100%
SVAGRAQGM,cytotoxin,immunotoxin,35,34,0.00024950686346090947,0.9998757708688883,immunotoxin+cytotoxin,97%
SVDFDSESPR,neurotoxin,immunotoxin,35,34,0.00024950686346090947,0.9998757708688883,neurotoxin+immunotoxin,97%
SVDFDSESPRKPEIQ,neurotoxin,immunotoxin,35,34,0.00024950686346090947,0.9998757708688883,neurotoxin+immunotoxin,97%
SWLSKTAKKLENSAKKRISEGIAIAIQGGPR,hemotoxin,cytotoxin,3,2,0.0005220259532614032,0.9979168113299212,hemotoxin+cytotoxin,67%
TLLKKVLKAAAKAALKAVLVGANA,hemotoxin,cytotoxin,3,3,2.326141756398917e-06,0.9999641104444617,hemotoxin+cytotoxin,100%
VAEARQGSFSY,hemotoxin,immunotoxin,35,34,0.00024950686346090947,0.9998757708688883,hemotoxin+immunotoxin,97%
VCSCRLVFCRRTELRVGNCLIGGVSFTYCCTRV,cytotoxin,hemotoxin,8,8,3.136212259831751e-06,0.9999619869889683,hemotoxin+cytotoxin,100%
VDKGSYLPRPTPPRPIYNRN,hemotoxin,cytotoxin,3,2,0.0005220259532614032,0.9979168113299212,hemotoxin+cytotoxin,67%
VDKPPYLPRPRPPRRIYNR,hemotoxin,cytotoxin,3,2,0.0005220259532614032,0.9979168113299212,hemotoxin+cytotoxin,67%
VFQFLGKIIKKVGNFVKGFSKVF,hemotoxin,cytotoxin,3,3,2.326141756398917e-06,0.9999641104444617,hemotoxin+cytotoxin,100%
VFQFLGRIIHHVGNFVHGFSHVF,cytotoxin,hemotoxin,8,8,3.136212259831751e-06,0.9999619869889683,hemotoxin+cytotoxin,100%
VGECVRGRCPNNLCCSQWGWCGSTDEYCGR,immunotoxin,neurotoxin,5,4,5.5415014320104005e-05,0.9996546921727744,neurotoxin+immunotoxin,80%
VGGTICGPACAVAGAHYLPI,hemotoxin,immunotoxin,35,34,0.00024950686346090947,0.9998757708688883,hemotoxin+immunotoxin,97%
VGTDFSGNDDISDVQK,hemotoxin,immunotoxin,35,35,1.8056450169027456e-05,0.999991058086087,hemotoxin+immunotoxin,100%
VIDKAKMESLGITSRDTT,hemotoxin,immunotoxin,35,35,1.8056450169027456e-05,0.999991058086087,hemotoxin+immunotoxin,100%
VKRALSALKPKNKRFIGGIISFFKRLFG,hemotoxin,cytotoxin,3,2,0.0005220259532614032,0.9979168113299212,hemotoxin+cytotoxin,67%
VPTTPFLCTNDPQCKVNYEDGHCFDILSK,hemotoxin,neurotoxin,5,5,6.788797904470254e-07,0.9999848534196323,neurotoxin+hemotoxin,100%
VRDICKKEAERQDLSSCENYITQRRGY,hemotoxin,immunotoxin,35,34,0.00024950686346090947,0.9998757708688883,hemotoxin+immunotoxin,97%
VTGLLNILVGPLLGP,immunotoxin,hemotoxin,8,7,0.00010035166687293514,0.9995760950084466,hemotoxin+immunotoxin,88%
WALAL,hemotoxin,immunotoxin,35,34,0.00024950686346090947,0.9998757708688883,hemotoxin+immunotoxin,97%
WFRSFKSYYGHHGSVYRPNEPNFRSFAS,neurotoxin,immunotoxin,35,34,0.00024950686346090947,0.9998757708688883,neurotoxin+immunotoxin,97%
WIQPKTKVIPYVRYL,hemotoxin,immunotoxin,35,35,1.8056450169027456e-05,0.999991058086087,hemotoxin+immunotoxin,100%
WKFFRKLLKKIRKKFKR,hemotoxin,cytotoxin,3,2,0.0005220259532614032,0.9979168113299212,hemotoxin+cytotoxin,67%
WLNALLHHGLNCAKGVLA,hemotoxin,immunotoxin,35,34,0.00024950686346090947,0.9998757708688883,hemotoxin+immunotoxin,97%
WSPQEEDRIIEGGI,hemotoxin,immunotoxin,35,35,1.8056450169027456e-05,0.999991058086087,hemotoxin+immunotoxin,100%
WTFGQGTKVEIK,hemotoxin,immunotoxin,35,35,1.8056450169027456e-05,0.999991058086087,hemotoxin+immunotoxin,100%
YGVAKKATLVAVKVL,immunotoxin,hemotoxin,8,8,3.136212259831751e-06,0.9999619869889683,hemotoxin+immunotoxin,100%
YLEALEAESITTGV,hemotoxin,immunotoxin,35,35,1.8056450169027456e-05,0.999991058086087,hemotoxin+immunotoxin,100%
YNHNF,hemotoxin,immunotoxin,35,35,1.8056450169027456e-05,0.999991058086087,hemotoxin+immunotoxin,100%
YPVEPF,hemotoxin,immunotoxin,35,35,1.8056450169027456e-05,0.999991058086087,hemotoxin+immunotoxin,100%
YSKSLPLSVLNP,hemotoxin,immunotoxin,35,35,1.8056450169027456e-05,0.999991058086087,hemotoxin+immunotoxin,100%
